<?xml version="1.0" encoding="UTF-8"?>
<project-private xmlns="http://www.netbeans.org/ns/project-private/1">
    <editor-bookmarks xmlns="http://www.netbeans.org/ns/editor-bookmarks/2" lastBookmarkId="0"/>
    <open-files xmlns="http://www.netbeans.org/ns/projectui-open-files/2">
        <group>
            <file>file:/D:/kuliah/semester%203/Pemdas%202/POS/src/pos/Home.java</file>
            <file>file:/D:/kuliah/semester%203/Pemdas%202/POS/src/pos/detail.java</file>
            <file>file:/D:/kuliah/semester%203/Pemdas%202/POS/src/pos/employee.java</file>
            <file>file:/D:/kuliah/semester%203/Pemdas%202/POS/src/pos/product.java</file>
            <file>file:/D:/kuliah/semester%203/Pemdas%202/POS/src/pos/customers.java</file>
            <file>file:/D:/kuliah/semester%203/Pemdas%202/POS/src/pos/supplier.java</file>
        </group>
    </open-files>
</project-private>
