<?xml version="1.0" encoding="UTF-8"?>
<project-private xmlns="http://www.netbeans.org/ns/project-private/1">
    <editor-bookmarks xmlns="http://www.netbeans.org/ns/editor-bookmarks/2" lastBookmarkId="0"/>
    <open-files xmlns="http://www.netbeans.org/ns/projectui-open-files/2">
        <group>
            <file>file:/C:/Users/ASUS/Documents/NetBeansProjects/Peminjaman_Barang/src/peminjaman_barang/FrameAfterLogin.java</file>
            <file>file:/C:/Users/ASUS/Documents/NetBeansProjects/Peminjaman_Barang/src/peminjaman_barang/FrameBarang.java</file>
            <file>file:/C:/Users/ASUS/Documents/NetBeansProjects/Peminjaman_Barang/src/peminjaman_barang/FormDaftar.java</file>
            <file>file:/C:/Users/ASUS/Documents/NetBeansProjects/Peminjaman_Barang/src/peminjaman_barang/FramePeminjaman.java</file>
            <file>file:/C:/Users/ASUS/Documents/NetBeansProjects/Peminjaman_Barang/src/peminjaman_barang/UpdateFrame.java</file>
            <file>file:/C:/Users/ASUS/Documents/NetBeansProjects/Peminjaman_Barang/src/peminjaman_barang/FrameAwal.java</file>
            <file>file:/C:/Users/ASUS/Documents/NetBeansProjects/Peminjaman_Barang/src/peminjaman_barang/InsertFrame.java</file>
            <file>file:/C:/Users/ASUS/Documents/NetBeansProjects/Peminjaman_Barang/src/peminjaman_barang/RecordFrame.java</file>
            <file>file:/C:/Users/ASUS/Documents/NetBeansProjects/Peminjaman_Barang/src/peminjaman_barang/DeleteFrame.java</file>
            <file>file:/C:/Users/ASUS/Documents/NetBeansProjects/Peminjaman_Barang/src/peminjaman_barang/Peminjaman_Barang.java</file>
            <file>file:/C:/Users/ASUS/Documents/NetBeansProjects/Peminjaman_Barang/src/peminjaman_barang/FormLogin.java</file>
        </group>
    </open-files>
</project-private>
