<?xml version="1.0" encoding="UTF-8"?>
<project-private xmlns="http://www.netbeans.org/ns/project-private/1">
    <editor-bookmarks xmlns="http://www.netbeans.org/ns/editor-bookmarks/2" lastBookmarkId="0"/>
    <open-files xmlns="http://www.netbeans.org/ns/projectui-open-files/2">
        <group>
            <file>file:/C:/Users/MyBook%20Hype/OneDrive/Dokumen/NetBeansProjects/apotek/src/apotek/FormLogin.java</file>
            <file>file:/C:/Users/MyBook%20Hype/OneDrive/Dokumen/NetBeansProjects/apotek/src/apotek/StokObat.java</file>
            <file>file:/C:/Users/MyBook%20Hype/OneDrive/Dokumen/NetBeansProjects/apotek/src/apotek/FormMenu.java</file>
            <file>file:/C:/Users/MyBook%20Hype/OneDrive/Dokumen/NetBeansProjects/apotek/src/apotek/Apotek.java</file>
            <file>file:/C:/Users/MyBook%20Hype/OneDrive/Dokumen/NetBeansProjects/apotek/src/apotek/FormPembayaran.java</file>
            <file>file:/C:/Users/MyBook%20Hype/OneDrive/Dokumen/NetBeansProjects/apotek/src/apotek/FormRegister.java</file>
            <file>file:/C:/Users/MyBook%20Hype/OneDrive/Dokumen/NetBeansProjects/apotek/src/apotek/ConfigDB.java</file>
        </group>
    </open-files>
</project-private>
