<?xml version="1.0" encoding="UTF-8"?>
<project-private xmlns="http://www.netbeans.org/ns/project-private/1">
    <editor-bookmarks xmlns="http://www.netbeans.org/ns/editor-bookmarks/2" lastBookmarkId="0"/>
    <open-files xmlns="http://www.netbeans.org/ns/projectui-open-files/2">
        <group>
            <file>file:/C:/Users/LENOVO/Documents/NetBeansProjects/Project_Akhir_Pemdas2/src/FormLogin.java</file>
            <file>file:/C:/Users/LENOVO/Documents/NetBeansProjects/Project_Akhir_Pemdas2/src/FormMenu.java</file>
            <file>file:/C:/Users/LENOVO/Documents/NetBeansProjects/Project_Akhir_Pemdas2/src/Data_Koleksi.java</file>
            <file>file:/C:/Users/LENOVO/Documents/NetBeansProjects/Project_Akhir_Pemdas2/src/FormDaftar.java</file>
            <file>file:/C:/Users/LENOVO/Documents/NetBeansProjects/Project_Akhir_Pemdas2/src/Data_Pegawai.java</file>
            <file>file:/C:/Users/LENOVO/Documents/NetBeansProjects/Project_Akhir_Pemdas2/src/Jadwal_Kegiatan.java</file>
        </group>
    </open-files>
</project-private>
